"","ID","Name","Wins_1_Copies","Wins_2_Copies","Wins_3_Copies","Games_1_Copies","Games_2_Copies","Games_3_Copies"
"1","06NX022","Legionary Charge",0,0,0,0,0,0
"2","06NX019","Noxian Defector",0,0,0,0,0,0
"3","06NX023","Ionian Hookmaster",0,0,0,0,0,0
"4","06NX044","Skulking String-Puller",0,0,0,0,0,0
"5","06NX020","The Darkin Ballista",0,0,0,0,0,0
"6","06NX041","Crimson Pigeon",0,0,0,0,0,0
"7","06NX039","Reveler's Feast",0,0,0,0,0,0
"8","06NX026","Great Hammers",0,0,0,0,0,0
"9","06NX034","Furious Wielder",0,0,0,0,0,0
"10","06NX036","Rune Squire",0,0,0,0,0,0
"11","06NX027","Brutal Skirmish",0,0,0,0,0,0
"12","06RU008","Jax",0,0,0,0,0,0
"13","06RU006","Ryze",0,0,0,0,0,0
"14","06RU005","Kayn",0,0,0,0,0,0
"15","06RU033","Combat Reel",0,0,0,0,0,0
"16","06RU026","Aatrox",0,0,0,0,0,0
"17","06RU041","Counter Strike",0,0,0,0,0,0
"18","06RU034","Pan O' Pain",0,0,0,0,0,0
"19","06RU009","Varus",0,0,0,0,0,0
"20","06RU043","Realm Warp",0,0,0,0,0,0
"21","06RU029","Fishawhack",0,0,0,0,0,0
"22","06RU040","Shadowstep",0,0,0,0,0,0
"23","06RU012","Pot O' Pain",0,0,0,0,0,0
"24","06RU028","Sandworn Amulet",0,0,0,0,0,0
"25","06RU010","The Fix-Em 5000",0,0,0,0,0,0
"26","06RU039","Deathbringer Sweep",0,0,0,0,0,0
"27","06RU030","Upcycled Rake",0,0,0,0,0,0
"28","06RU031","Shepherd's Authority",0,0,0,0,0,0
"29","06FR004","Weaponsmith's Apprentice",0,0,0,0,0,0
"30","06FR018","The Darkin Spear",0,0,0,0,0,0
"31","06FR011","Ornn",0,0,0,0,0,0
"32","06FR027","Woolly Snailmoth",0,0,0,0,0,0
"33","06FR034","The Unforgiving Cold",0,0,0,0,0,0
"34","06FR012","Favored Artisan",0,0,0,0,0,0
"35","06FR005","Ornn's Forge",0,0,0,0,0,0
"36","06FR036","Wild Mysticism",0,0,0,0,0,0
"37","06FR021","Pouty Poro",0,0,0,0,0,0
"38","06FR040","Warden of the Tribes",0,0,0,0,0,0
"39","06FR020","Fracture",0,0,0,0,0,0
"40","06FR035","Here to Help",0,0,0,0,0,0
"41","06FR041","Winter's Touch",0,0,0,0,0,0
"42","06FR022","Bellows Breath",0,0,0,0,0,0
"43","06FR023","Wrought Colossus",0,0,0,0,0,0
"44","06FR008","Hearthblood Mender",0,0,0,0,0,0
"45","06FR009","Adept Weaponsmith",0,0,0,0,0,0
"46","06FR032","Gift of the Hearthblood",0,0,0,0,0,0
"47","06FR024","Bone Club",0,0,0,0,0,0
"48","06FR017","Icevale Cultist",0,0,0,0,0,0
"49","06BC015","Norra",0,0,0,0,0,0
"50","06BC051","Banana Blaster",0,0,0,0,0,0
"51","06BC047","Sharesies",0,0,0,0,0,0
"52","06BC023","Puzzling Signposts",0,0,0,0,0,0
"53","06BC019","The Tea Maker",0,0,0,0,0,0
"54","06BC043","Poro Stories",0,0,0,0,0,0
"55","06BC029","The Darkin Staff",0,0,0,0,0,0
"56","06BC038","The Sudden Surge",0,0,0,0,0,0
"57","06BC017","Portalpalooza",0,0,0,0,0,0
"58","06BC020","Origami Slicer",0,0,0,0,0,0
"59","06BC028","Blooming Cultist",0,0,0,0,0,0
"60","06BC021","Junk Construct",0,0,0,0,0,0
"61","06BC042","Curious Changelings",0,0,0,0,0,0
"62","06BC041","Skrappy's Partsapalooza",0,0,0,0,0,0
"63","06BC011","Magical Journey",0,0,0,0,0,0
"64","06BC032","Eclectic Collection",0,0,0,0,0,0
"65","06BC024","Realm's Caretaker",0,0,0,0,0,0
"66","06BC033","Mechapulverizer",0,0,0,0,0,0
"67","06BC016","Living Library",0,0,0,0,0,0
"68","06IO044","Serene Sky-Singer",0,0,0,0,0,0
"69","06IO013","Wuju Style",0,0,0,0,0,0
"70","06IO023","The Darkin Fan",0,0,0,0,0,0
"71","06IO029","The Spirit of Wuju",0,0,0,0,0,0
"72","06IO039","Navori Longtail",0,0,0,0,0,0
"73","06IO031","Soul Sword",0,0,0,0,0,0
"74","06IO014","Vastayan Disciple",0,0,0,0,0,0
"75","06IO008","Master Yi",0,0,0,0,0,0
"76","06IO011","Jun, the Prodigy",0,0,0,0,0,0
"77","06IO015","The Witness",0,0,0,0,0,0
"78","06IO030","Mistfall",0,0,0,0,0,0
"79","06IO034","Momentous Choice",0,0,0,0,0,0
"80","06IO028","Entrancing Lure",0,0,0,0,0,0
"81","06IO025","Shadowblade Fanatic",0,0,0,0,0,0
"82","06IO040","Twin Wind Technique",0,0,0,0,0,0
"83","06IO032","Unworthy Soul",0,0,0,0,0,0
"84","06IO001","Disciple of Doran",0,0,0,0,0,0
"85","06IO016","Dragoncaller",0,0,0,0,0,0
"86","06IO037","The Black Flame",0,0,0,0,0,0
"87","06PZ034","Hexbliterator",0,0,0,0,0,0
"88","06PZ006","Encore",0,0,0,0,0,0
"89","06PZ021","Seraphine",0,0,0,0,0,0
"90","06PZ040","Back Alley Bar",0,0,0,0,0,0
"91","06PZ008","The Darkin Harp",0,0,0,0,0,0
"92","06PZ018","High Note",0,0,0,0,0,0
"93","06PZ010","Acoustician",0,0,0,0,0,0
"94","06PZ014","Fanclub President",0,0,0,0,0,0
"95","06PZ030","Inspired Plans",0,0,0,0,0,0
"96","06PZ046","Formula",0,0,0,0,0,0
"97","06PZ041","Cunning Kitten",0,0,0,0,0,0
"98","06PZ007","Ambitious Cultist",0,0,0,0,0,0
"99","06PZ036","The Zaun Diva",0,0,0,0,0,0
"100","06PZ009","Caustic Riff",0,0,0,0,0,0
"101","06PZ022","Drum Solo",0,0,0,0,0,0
"102","06PZ029","Crowd Pleaser",0,0,0,0,0,0
"103","06PZ020","Acorn, the Hextechnician",0,0,0,0,0,0
"104","06PZ037","The Violent Dischord",0,0,0,0,0,0
"105","06PZ019","Zaun Bouncer",0,0,0,0,0,0
"106","06PZ033","Gatalyst v1.0",0,0,0,0,0,0
"107","06BW029","Piltovan Castaway",0,0,0,0,0,0
"108","06BW034","Heavy Metal",0,0,0,0,0,0
"109","06BW027","Parts Made Whole",0,0,0,0,0,0
"110","06BW039","The Unending Wave",0,0,0,0,0,0
"111","06BW026","Buhru Cultist",0,0,0,0,0,0
"112","06BW014","The Darkin Harpoon",0,0,0,0,0,0
"113","06BW004","Test of Spirit",0,0,0,0,0,0
"114","06BW047","Mischievous Marai",0,0,0,0,0,0
"115","06BW023","Jagged Cutlass",0,0,0,0,0,0
"116","06BW042","Loaded Vessel",0,0,0,0,0,0
"117","06BW040","Eye of God",0,0,0,0,0,0
"118","06BW044","Wily Newtfish",0,0,0,0,0,0
"119","06MT007","Seraphic Wyvern",0,0,0,0,0,0
"120","06MT037","Seal In Steel",0,0,0,0,0,0
"121","06MT018","Lawkeeper",0,0,0,0,0,0
"122","06MT031","Mihira, Aspect of Justice",0,0,0,0,0,0
"123","06MT010","Divine Judgment",0,0,0,0,0,0
"124","06MT016","Winged Messenger",0,0,0,0,0,0
"125","06MT015","Purifying Flames",0,0,0,0,0,0
"126","06MT042","Twilit Protector",0,0,0,0,0,0
"127","06MT008","Kayle",0,0,0,0,0,0
"128","06MT035","Xolaani the Bloodweaver",0,0,0,0,0,0
"129","06MT004","Wandering Shepherd",0,0,0,0,0,0
"130","06MT017","Divine Clerk",0,0,0,0,0,0
"131","06MT040","The Expanse's Protection",0,0,0,0,0,0
"132","06MT034","Celestial Impact",0,0,0,0,0,0
"133","06MT033","Draconic Bands",0,0,0,0,0,0
"134","06MT053","Generous Gemcrafter",0,0,0,0,0,0
"135","06MT006","The Darkin Lodestone",0,0,0,0,0,0
"136","06MT052","Celestial Blessing",0,0,0,0,0,0
"137","06MT032","Lunari Cultist",0,0,0,0,0,0
"138","06SH032","Buried Armory",0,0,0,0,0,0
"139","06SH035","The Altar of Blood",0,0,0,0,0,0
"140","06SH051","Rockbear Shepherd",0,0,0,0,0,0
"141","06SH046","Acolyte's Reliquary",0,0,0,0,0,0
"142","06SH033","Curse of the Tomb",0,0,0,0,0,0
"143","06SH028","Void Gate",0,0,0,0,0,0
"144","06SH005","Forsaken Baccai",0,0,0,0,0,0
"145","06SH056","Castigate",0,0,0,0,0,0
"146","06SH040","Heedless Resurrection",0,0,0,0,0,0
"147","06SH021","Camouflaged Horror",0,0,0,0,0,0
"148","06SH055","Priestess Of Desert Light",0,0,0,0,0,0
"149","06SH004","The Darkin Bloodletters",0,0,0,0,0,0
"150","06SH031","Treasure of the Sands",0,0,0,0,0,0
"151","06SH038","Swinging Glaive",0,0,0,0,0,0
"152","06DE048","Blocking Badgerbear",0,0,0,0,0,0
"153","06DE024","Catch!",0,0,0,0,0,0
"154","06DE025","Kind-hearted Recruit",0,0,0,0,0,0
"155","06DE033","Silence and Suppress",0,0,0,0,0,0
"156","06DE041","Champions' Strength",0,0,0,0,0,0
"157","06DE011","The Darkin Aegis",0,0,0,0,0,0
"158","06DE021","Vayne",0,0,0,0,0,0
"159","06DE018","Condemn",0,0,0,0,0,0
"160","06DE026","Icathian Myths",0,0,0,0,0,0
"161","06DE044","Petricite Charger",0,0,0,0,0,0
"162","06DE017","Fish Fight",0,0,0,0,0,0
"163","06DE043","Trusty Ramhound",0,0,0,0,0,0
"164","06DE040","Tempting Prospect",0,0,0,0,0,0
"165","06DE028","Bloodcursed Harpy",0,0,0,0,0,0
"166","06DE027","Zealous Ranger-Knight",0,0,0,0,0,0
"167","06DE039","Roar of Icathia",0,0,0,0,0,0
"168","06DE019","Widowed Huntress",0,0,0,0,0,0
"169","06DE032","Demacian Steel",0,0,0,0,0,0
"170","06DE029","Steadfast Elkin",0,0,0,0,0,0
"171","06DE010","Ranger-Knight Defector",0,0,0,0,0,0
"172","06DE006","Combat Cook",0,0,0,0,0,0
"173","06DE034","Faithful Wolfdog",0,0,0,0,0,0
"174","06SI045","Soul Cleave",0,0,0,0,0,0
"175","06SI007","The Darkin Halberd",0,0,0,0,0,0
"176","06SI034","Wraith of Echoes",0,0,0,0,0,0
"177","06SI029","Malefic Spear",0,0,0,0,0,0
"178","06SI032","Quietus",0,0,0,0,0,0
"179","06SI031","Blades of the Fallen",0,0,0,0,0,0
"180","06SI014","Opulent Foyer",0,0,0,0,0,0
"181","06SI042","Deathless Knight",0,0,0,0,0,0
"182","06SI003","Fireth, Reaper of the Sands",0,0,0,0,0,0
"183","06SI006","Keeper of the Box",0,0,0,0,0,0
"184","06SI039","Shape of Fear",0,0,0,0,0,0
"185","06SI036","Utter Devastation",0,0,0,0,0,0
"186","06SI038","Redeemed Prodigy",0,0,0,0,0,0
"187","06SI046","Ceaseless Sentry",0,0,0,0,0,0
"188","06SI041","Moonlit Glenkeeper",0,0,0,0,0,0
"189","06NX024","Lord Broadmane",0,0,0,0,0,0
"190","06NX033","Strategic Execution",0,0,0,0,0,0
"191","06NX012","Annie",0,0,0,0,0,0
"192","06NX029","The Gray Apothecary",0,0,0,0,0,0
"193","06NX032","Obedient Drakehound",0,0,0,0,0,0
"194","06NX030","Legion Deserter",0,0,0,0,0,0
"195","06NX013","Spell Slinger",0,0,0,0,0,0
"196","06NX040","Trifarian Training Pits",0,0,0,0,0,0
"197","06NX028","Ravenbloom Conservatory",0,0,0,0,0,0
"198","06NX014","Disintegrate",0,0,0,0,0,0
"199","06NX031","Captive Yeti",0,0,0,0,0,0
"200","06NX009","Captive Greyback",0,0,0,0,0,0
"201","06NX015","Manasoul Student",0,0,0,0,0,0
"202","06NX037","Noxian Tellstones",0,0,0,0,0,0
"203","06NX008","The Prefect",0,0,0,0,0,0
"204","06RU025","Evelynn",0,0,0,0,0,0
"205","06RU001","Bard",0,0,0,0,0,0
"206","06RU002","Jhin",0,0,0,0,0,0
"207","06RU046","Dancing Grenade",0,0,0,0,0,0
"208","06RU044","Last Caress",0,0,0,0,0,0
"209","06RU045","Traveler's Call",0,0,0,0,0,0
"210","06FR029","Frozen in Fear",0,0,0,0,0,0
"211","06FR033","Hunting Boar",0,0,0,0,0,0
"212","06FR038","Wings of the Cryophoenix",0,0,0,0,0,0
"213","06FR030","Harbinger of Thralls",0,0,0,0,0,0
"214","06FR039","Wildclaw's Ferocity",0,0,0,0,0,0
"215","06FR028","Revna, the Lorekeeper",0,0,0,0,0,0
"216","06FR037","Cracking Ice",0,0,0,0,0,0
"217","06BC045","Sneezy Biggledust!",0,0,0,0,0,0
"218","06BC036","Paparo the Great",0,0,0,0,0,0
"219","06BC040","Bandle Tellstones",0,0,0,0,0,0
"220","06BC039","Drop the Bomb",0,0,0,0,0,0
"221","06BC044","Cosmic Binding",0,0,0,0,0,0
"222","06BC026","Byrd, The Bellringer",0,0,0,0,0,0
"223","06BC030","Proximity Puffcap",0,0,0,0,0,0
"224","06BC031","Maduli, The Gatekeeper",0,0,0,0,0,0
"225","06BC035","The Papertree",0,0,0,0,0,0
"226","06IO005","Gruesome Theater",0,0,0,0,0,0
"227","06IO038","Moral Support",0,0,0,0,0,0
"228","06IO012","Kinkou's Call",0,0,0,0,0,0
"229","06IO009","Dragon Ambush",0,0,0,0,0,0
"230","06IO033","Storm of Blades",0,0,0,0,0,0
"231","06IO004","The Maker",0,0,0,0,0,0
"232","06IO010","Windswept Hillock",0,0,0,0,0,0
"233","06IO036","Ionian Tellstones",0,0,0,0,0,0
"234","06IO003","The Stagehand",0,0,0,0,0,0
"235","06IO035","Kinkou Student",0,0,0,0,0,0
"236","06PZ032","Sputtering Songspinner",0,0,0,0,0,0
"237","06PZ042","Evil Imperfectionist",0,0,0,0,0,0
"238","06PZ025","Solitude",0,0,0,0,0,0
"239","06PZ043","Piltovan Tellstones",0,0,0,0,0,0
"240","06PZ027","Discreet Invitation",0,0,0,0,0,0
"241","06PZ038","Scavenged Camocloaker",0,0,0,0,0,0
"242","06PZ039","Salvaged Scrap",0,0,0,0,0,0
"243","06BW006","Illaoi",0,0,0,0,0,0
"244","06BW036","Wharf Rat",0,0,0,0,0,0
"245","06BW038","Megatusk",0,0,0,0,0,0
"246","06BW030","Eye of Nagakabouros",0,0,0,0,0,0
"247","06BW011","Nagakabouros",0,0,0,0,0,0
"248","06BW021","Riptide Sermon",0,0,0,0,0,0
"249","06BW045","Blood in the Water",0,0,0,0,0,0
"250","06BW028","Tentacle Smash",0,0,0,0,0,0
"251","06BW035","The Sea's Voice",0,0,0,0,0,0
"252","06BW015","Answered Prayer",0,0,0,0,0,0
"253","06BW007","Watchful Idol",0,0,0,0,0,0
"254","06BW037","Ransom Riches",0,0,0,0,0,0
"255","06BW041","Swindle",0,0,0,0,0,0
"256","06BW016","Buhru Lookout",0,0,0,0,0,0
"257","06BW009","Buhru Leader",0,0,0,0,0,0
"258","06BW043","Bilgewater Tellstones",0,0,0,0,0,0
"259","06BW018","Steem",0,0,0,0,0,0
"260","06MT044","Solari Stellacorn",0,0,0,0,0,0
"261","06MT036","Consult the Heavens",0,0,0,0,0,0
"262","06MT039","Dragon Roost",0,0,0,0,0,0
"263","06MT045","Celestial Trifecta",0,0,0,0,0,0
"264","06MT043","Targonian Tellstones",0,0,0,0,0,0
"265","06MT029","Esmus, Breath of the World",0,0,0,0,0,0
"266","06MT038","The Winding Light",0,0,0,0,0,0
"267","06MT047","Mystic Vortex",0,0,0,0,0,0
"268","06MT041","Starhound Pack",0,0,0,0,0,0
"269","06MT049","Mikhael's Blessing",0,0,0,0,0,0
"270","06SH014","Void Abomination",0,0,0,0,0,0
"271","06SH016","Hive Herald",0,0,0,0,0,0
"272","06SH009","Kai'Sa",0,0,0,0,0,0
"273","06SH048","Rite of Passage",0,0,0,0,0,0
"274","06SH037","Baccai Witherclaw",0,0,0,0,0,0
"275","06SH008","Belvethi Elder",0,0,0,0,0,0
"276","06SH042","Shuriman Tellstones",0,0,0,0,0,0
"277","06SH050","Sands of Time",0,0,0,0,0,0
"278","06SH049","Glory's Call",0,0,0,0,0,0
"279","06SH036","Chamber of Renewal",0,0,0,0,0,0
"280","06SH011","Supercharge",0,0,0,0,0,0
"281","06SH017","Void Seeker",0,0,0,0,0,0
"282","06SH007","Voidling",0,0,0,0,0,0
"283","06SH010","Void Blaster",0,0,0,0,0,0
"284","06SH034","Domination",0,0,0,0,0,0
"285","06DE045","Inspiring Light",0,0,0,0,0,0
"286","06DE038","Lord Eldred, Mageseeker Leader",0,0,0,0,0,0
"287","06DE037","Royal Decree",0,0,0,0,0,0
"288","06DE035","Petricite Pillar",0,0,0,0,0,0
"289","06DE042","Demacian Tellstones",0,0,0,0,0,0
"290","06DE036","Protective Broodfather",0,0,0,0,0,0
"291","06DE030","Allure",0,0,0,0,0,0
"292","06SI012","Gwen",0,0,0,0,0,0
"293","06SI020","Hate Spike",0,0,0,0,0,0
"294","06SI013","Eternal Dancers",0,0,0,0,0,0
"295","06SI037","Shadow Isles Tellstones",0,0,0,0,0,0
"296","06SI040","Harrowing Return",0,0,0,0,0,0
"297","06SI009","Ghastly Band",0,0,0,0,0,0
"298","06SI027","Thread the Needle",0,0,0,0,0,0
"299","06SI018","Vora",0,0,0,0,0,0
"300","06SI015","Strike Up The Band",0,0,0,0,0,0
"301","06SI030","Formal Invitation",0,0,0,0,0,0
"302","06SI026","Conductor Of The Mists",0,0,0,0,0,0
"303","06SI033","Haunted Tomb",0,0,0,0,0,0
"304","06SI016","Boisterous Host",0,0,0,0,0,0
"305","06SI028","Phantom Butler",0,0,0,0,0,0
"306","06SI043","Undergrowth",0,0,0,0,0,0
"307","06SI022","Ghostly Paramour",0,0,0,0,0,0
"308","06SI019","Sultur",0,0,0,0,0,0
"309","05BC058","Kennen",0,0,0,0,0,0
"310","05BC010","Shark Trainer",0,0,0,0,0,0
"311","05BC102","Wizened Wizard",0,0,0,0,0,0
"312","05BC230","Spirit Portal",0,0,0,0,0,0
"313","05BC099","Swole Scout",0,0,0,0,0,0
"314","05BC133","Tristana",0,0,0,0,0,0
"315","05BC202","Tristana's Buster Shot",0,0,0,0,0,0
"316","05BC023","Minitee",0,0,0,0,0,0
"317","05BC029","Yuumi",0,0,0,0,0,0
"318","05BC078","Electro Harpoon",0,0,0,0,0,0
"319","05BC106","Grumbleslug",0,0,0,0,0,0
"320","05BC161","Gnar",0,0,0,0,0,0
"321","05BC086","Earthshaker",0,0,0,0,0,0
"322","05BC073","Inventive Chemist",0,0,0,0,0,0
"323","05BC039","Gruff Grenadier",0,0,0,0,0,0
"324","05BC148","Furious Faefolk",0,0,0,0,0,0
"325","05BC173","Salty Spinner",0,0,0,0,0,0
"326","05BC119","Minion",0,0,0,0,0,0
"327","05BC019","Rainbowfish",0,0,0,0,0,0
"328","05BC093","Veigar",0,0,0,0,0,0
"329","05BC007","Stone Stackers",0,0,0,0,0,0
"330","05BC174","Friendship!",0,0,0,0,0,0
"331","05BC185","Shell Game",0,0,0,0,0,0
"332","05BC096","Tenor of Terror",0,0,0,0,0,0
"333","05BC088","Rumble",0,0,0,0,0,0
"334","05BC190","Arena Mechacaster",0,0,0,0,0,0
"335","05BC042","Purpleberry Shake",0,0,0,0,0,0
"336","05BC205","Event Horizon",0,0,0,0,0,0
"337","05BC223","Entrapment",0,0,0,0,0,0
"338","05BC091","Arena Promoter",0,0,0,0,0,0
"339","05BC172","Professor Von Mech",0,0,0,0,0,0
"340","05BC163","Ziggs",0,0,0,0,0,0
"341","05BC151","Mirror Mage",0,0,0,0,0,0
"342","05BC027","Hexplosive Minefield",0,0,0,0,0,0
"343","05BC200","Yordle Portal",0,0,0,0,0,0
"344","05BC021","Bouncing Bomb",0,0,0,0,0,0
"345","05BC167","Bandle Commando",0,0,0,0,0,0
"346","05BC179","Yordle Ranger",0,0,0,0,0,0
"347","05BC214","Mega Inferno Bomb",0,0,0,0,0,0
"348","05BC221","Mushroom Ring",0,0,0,0,0,0
"349","05BC041","Poppy",0,0,0,0,0,0
"350","05BC176","Prowling Projectile",0,0,0,0,0,0
"351","05BC105","Bandle Gunners",0,0,0,0,0,0
"352","05BC066","Quick Quill",0,0,0,0,0,0
"353","05BC177","Papercraft Dragon",0,0,0,0,0,0
"354","05BC136","Scrapheap",0,0,0,0,0,0
"355","05BC164","Poison Dart",0,0,0,0,0,0
"356","05BC194","The Bandle Tree",0,0,0,0,0,0
"357","05BC195","Prank",0,0,0,0,0,0
"358","05BC216","Yordle Contraption",0,0,0,0,0,0
"359","05BC212","Safety Inspector",0,0,0,0,0,0
"360","05BC141","Heroic Refrain",0,0,0,0,0,0
"361","05BC209","Stress Defense",0,0,0,0,0,0
"362","05BC210","Flamespitter",0,0,0,0,0,0
"363","05BC196","Dunehopper Mech",0,0,0,0,0,0
"364","05BC013","Tricksy Tentacles",0,0,0,0,0,0
"365","05BC100","Puffcap Pup",0,0,0,0,0,0
"366","05BC098","Twisted Catalyzer",0,0,0,0,0,0
"367","05BC122","Yordle Newbie",0,0,0,0,0,0
"368","05BC120","Yordle Captain",0,0,0,0,0,0
"369","05BC046","Thunder Fist",0,0,0,0,0,0
"370","05BC018","Pompous Cavalier",0,0,0,0,0,0
"371","05BC132","Buster Shot",0,0,0,0,0,0
"372","05BC168","Spotted Toad",0,0,0,0,0,0
"373","05BC170","Furyhorn Crasher",0,0,0,0,0,0
"374","05BC056","Gust Monk",0,0,0,0,0,0
"375","05BC014","Teenydactyl",0,0,0,0,0,0
"376","05BC138","Fix-Em-Uppers",0,0,0,0,0,0
"377","05BC198","Group Shot",0,0,0,0,0,0
"378","05BC181","Cloud Stance",0,0,0,0,0,0
"379","05BC160","Proto Poro",0,0,0,0,0,0
"380","05BC005","Kelp Maidens",0,0,0,0,0,0
"381","05BC079","Lil Dipper",0,0,0,0,0,0
"382","05BC020","Assistant Librarian",0,0,0,0,0,0
"383","05BC049","Conchologist",0,0,0,0,0,0
"384","05BC001","Minimorph",0,0,0,0,0,0
"385","05BC082","Bouncer & Bolt",0,0,0,0,0,0
"386","05BC026","Hidden Pathways",0,0,0,0,0,0
"387","05BC152","Aloof Travelers",0,0,0,0,0,0
"388","05BC070","Ava Achiever",0,0,0,0,0,0
"389","05BC015","Bitsy Lizard",0,0,0,0,0,0
"390","05BC145","Yordle Squire",0,0,0,0,0,0
"391","05BC140","Poro Sled",0,0,0,0,0,0
"392","05BC129","Arena Kingpin",0,0,0,0,0,0
"393","05BC004","Otterpus",0,0,0,0,0,0
"394","05BC155","Ember Monk",0,0,0,0,0,0
"395","05BC104","Primal Strength",0,0,0,0,0,0
"396","05BC218","Fae Aid",0,0,0,0,0,0
"397","05BC192","Bomber Twins",0,0,0,0,0,0
"398","05BC169","Shadowtech Walker",0,0,0,0,0,0
"399","05BC162","Chief Nakotak",0,0,0,0,0,0
"400","05BC032","Gleaming Lantern",0,0,0,0,0,0
"401","05BC166","Pokey Stick",0,0,0,0,0,0
"402","05BC006","The Arsenal",0,0,0,0,0,0
"403","05BC110","Scholarly Climber",0,0,0,0,0,0
"404","05BC063","Tornado Warrior",0,0,0,0,0,0
"405","05BC217","Fae Sprout",0,0,0,0,0,0
"406","05BC180","Quicken",0,0,0,0,0,0
"407","05BC040","Trinket Trade",0,0,0,0,0,0
"408","05BC213","Wallop",0,0,0,0,0,0
"409","05BC208","Heroic Charge",0,0,0,0,0,0
"410","05BC085","Bilgerat Rascal",0,0,0,0,0,0
"411","05BC112","Blastcone Seedling",0,0,0,0,0,0
"412","05BC135","Double Tap",0,0,0,0,0,0
"413","05BC084","Squeaker",0,0,0,0,0,0
"414","05BC171","Geode Mechaforcer",0,0,0,0,0,0
"415","05BC184","Babbling Balladeers",0,0,0,0,0,0
"416","05BC080","Smash & Dash",0,0,0,0,0,0
"417","05BC116","Bandle City Mayor",0,0,0,0,0,0
"418","05BC111","Yordles in Arms ",0,0,0,0,0,0
"419","05BC224","Transposition",0,0,0,0,0,0
"420","05BC130","Hothead",0,0,0,0,0,0
"421","05BC191","Keeper's Verdict",0,0,0,0,0,0
"422","05BC052","Treasured Trash",0,0,0,0,0,0
"423","05BC089","Trumpetecher",0,0,0,0,0,0
"424","05BC050","Benemone",0,0,0,0,0,0
"425","05BC094","Darkbulb Acolyte",0,0,0,0,0,0
"426","05BC146","Bandle Painter",0,0,0,0,0,0
"427","05BC235","Yordle Smith",0,0,0,0,0,0
"428","05BC175","Loping Telescope",0,0,0,0,0,0
"429","05BC182","Lightning Rush",0,0,0,0,0,0
"430","05BC127","Rissu, The Silent Storm",0,0,0,0,0,0
"431","05BC069","Lecturing Yordle",0,0,0,0,0,0
"432","05BC057","Stilted Robemaker",0,0,0,0,0,0
"433","05BC108","Yordle Explorer",0,0,0,0,0,0
"434","05BC183","Grandfather Fae",0,0,0,0,0,0
"435","05BC188","Curious Shellfolk",0,0,0,0,0,0
"436","05FR001","Murkwolf Shaman",0,0,0,0,0,0
"437","05FR002","Mammoth Shaman",0,0,0,0,0,0
"438","05FR013","Udyr",0,0,0,0,0,0
"439","05FR016","Shaman's Call",0,0,0,0,0,0
"440","05FR012","Hyara Allseer",0,0,0,0,0,0
"441","05FR014","Wrath of the Freljord",0,0,0,0,0,0
"442","05FR010","Stance Swap",0,0,0,0,0,0
"443","05FR017","Inner Beast",0,0,0,0,0,0
"444","05FR006","Tusk Speaker",0,0,0,0,0,0
"445","05FR015","Spirits Unleashed",0,0,0,0,0,0
"446","05FR005","Bone Scryer",0,0,0,0,0,0
"447","05FR004","Vulpine Wanderer",0,0,0,0,0,0
"448","05IO003","Pathless Ancient",0,0,0,0,0,0
"449","05IO004","Ahri",0,0,0,0,0,0
"450","05IO023","Charm",0,0,0,0,0,0
"451","05IO020","Windsinger",0,0,0,0,0,0
"452","05IO007","Sai'nen Thousand-Tailed",0,0,0,0,0,0
"453","05IO021","God-Willow Seedling",0,0,0,0,0,0
"454","05IO001","Woodland Keeper",0,0,0,0,0,0
"455","05IO024","Children of the Forest",0,0,0,0,0,0
"456","05IO025","Tail-Cloak Matriarch",0,0,0,0,0,0
"457","05IO026","The Mourned",0,0,0,0,0,0
"458","05IO006","Nine Lives",0,0,0,0,0,0
"459","05IO002","Memory's Cloak",0,0,0,0,0,0
"460","05SH014","Xerath",0,0,0,0,0,0
"461","05SH017","Herald of the Magus",0,0,0,0,0,0
"462","05SH011","Endless Devout",0,0,0,0,0,0
"463","05SH022","Desert Duel",0,0,0,0,0,0
"464","05SH003","Obelisk of Power",0,0,0,0,0,0
"465","05SH016","Ruinous Acolyte",0,0,0,0,0,0
"466","05SH018","Servitude of Desolation",0,0,0,0,0,0
"467","05SH012","Risen Altar",0,0,0,0,0,0
"468","05SH020","Construct of Desolation",0,0,0,0,0,0
"469","05SH015","Sandseer",0,0,0,0,0,0
"470","05SH004","Unleashed Energy",0,0,0,0,0,0
"471","05SH002","Waste Walker",0,0,0,0,0,0
"472","05SH007","Rite of the Arcane",0,0,0,0,0,0
"473","05NX009","Lost Soul",0,0,0,0,0,0
"474","05NX006","Reborn Grenadier",0,0,0,0,0,0
"475","05NX017","Risen Reckoner",0,0,0,0,0,0
"476","05NX005","Ancient Warmonger",0,0,0,0,0,0
"477","05NX001","Sion",0,0,0,0,0,0
"478","05NX003","Salt And Stitches",0,0,0,0,0,0
"479","05NX015","Fallen Reckoner",0,0,0,0,0,0
"480","05NX019","For Glory!",0,0,0,0,0,0
"481","05NX013","Fallen Rider",0,0,0,0,0,0
"482","05NX018","Risen Rider",0,0,0,0,0,0
"483","05NX012","Roar of the Slayer",0,0,0,0,0,0
"484","05NX014","Weapons of the Lost",0,0,0,0,0,0
"485","05NX007","Twinblade Revenant",0,0,0,0,0,0
"486","05NX004","Grave Physician",0,0,0,0,0,0
"487","05NX016","The Lady of Blood",0,0,0,0,0,0
"488","05NX002","Noble Rebel",0,0,0,0,0,0
"489","05BW005","Nami",0,0,0,0,0,0
"490","05BW006","Ebb",0,0,0,0,0,0
"491","05BW002","Journeying Sandhopper",0,0,0,0,0,0
"492","05BW008","Abyssal Guard",0,0,0,0,0,0
"493","05BW011","Fleet Admiral Shelly",0,0,0,0,0,0
"494","05BW003","Tidal Wave",0,0,0,0,0,0
"495","05BW004","Avatar of the Tides",0,0,0,0,0,0
"496","05BW001","Marai Warden",0,0,0,0,0,0
"497","05BW010","Marai Greatmother",0,0,0,0,0,0
"498","05BW013","Marai Songstress",0,0,0,0,0,0
"499","05PZ015","Justice Rider",0,0,0,0,0,0
"500","05PZ012","Station Archivist",0,0,0,0,0,0
"501","05PZ026","Assembly Line",0,0,0,0,0,0
"502","05PZ019","Most Wanted",0,0,0,0,0,0
"503","05PZ023","Forge Worker",0,0,0,0,0,0
"504","05PZ031","Albus Ferros",0,0,0,0,0,0
"505","05PZ027","Shock Blast",0,0,0,0,0,0
"506","05PZ022","Jayce",0,0,0,0,0,0
"507","05PZ017","Sump Fumes",0,0,0,0,0,0
"508","05PZ024","Ferros Financier",0,0,0,0,0,0
"509","05PZ013","Piltover Peacemaker",0,0,0,0,0,0
"510","05PZ020","Ambush",0,0,0,0,0,0
"511","05PZ010","Advanced Intel",0,0,0,0,0,0
"512","05PZ014","Corina, Mastermind",0,0,0,0,0,0
"513","05PZ002","Insider Knowledge",0,0,0,0,0,0
"514","05PZ008","Flashbomb Trap",0,0,0,0,0,0
"515","05PZ021","The Forge Of Tomorrow",0,0,0,0,0,0
"516","05PZ025","Forge Chief",0,0,0,0,0,0
"517","05PZ006","Caitlyn",0,0,0,0,0,0
"518","05PZ004","Officer Squad",0,0,0,0,0,0
"519","05PZ009","Sting Officer",0,0,0,0,0,0
"520","05PZ016","Coup de Grace",0,0,0,0,0,0
"521","05PZ030","Hextech Anomaly",0,0,0,0,0,0
"522","05PZ028","Ferros Skycruiser",0,0,0,0,0,0
"523","05PZ038","Rocket Barrage",0,0,0,0,0,0
"524","05PZ035","Stinky Whump",0,0,0,0,0,0
"525","05PZ029","Hextech Handler",0,0,0,0,0,0
"526","05SI014","Catalogue of Regrets",0,0,0,0,0,0
"527","05SI013","Mistkeepers",0,0,0,0,0,0
"528","05SI009","Senna",0,0,0,0,0,0
"529","05SI016","Dawning Shadow",0,0,0,0,0,0
"530","05SI004","Watcher on the Isles",0,0,0,0,0,0
"531","05SI012","Solari Sentinel",0,0,0,0,0,0
"532","05SI008","Ixtali Sentinel",0,0,0,0,0,0
"533","05SI003","Piercing Darkness",0,0,0,0,0,0
"534","05SI029","Darkness",0,0,0,0,0,0
"535","05SI010","Dess & Ada",0,0,0,0,0,0
"536","05SI011","Burgeoning Sentinel",0,0,0,0,0,0
"537","05SI015","Buhru Sentinel",0,0,0,0,0,0
"538","05MT004","Camphor, the Doubt",0,0,0,0,0,0
"539","05MT006","Wounded Whiteflame",0,0,0,0,0,0
"540","05MT008","Shield Vault",0,0,0,0,0,0
"541","05MT014","Celestial Wonder",0,0,0,0,0,0
"542","05MT003","Pantheon",0,0,0,0,0,0
"543","05MT013","Iula",0,0,0,0,0,0
"544","05MT009","Battle Bonds",0,0,0,0,0,0
"545","05MT010","Blinded Mystic",0,0,0,0,0,0
"546","05MT002","We Stand Together",0,0,0,0,0,0
"547","05MT012","Freed Colossus",0,0,0,0,0,0
"548","05MT011","Against the Odds",0,0,0,0,0,0
"549","05MT005","Saga Seeker",0,0,0,0,0,0
"550","05DE003","Gorlith the Unscalable",0,0,0,0,0,0
"551","05DE009","Galio",0,0,0,0,0,0
"552","05DE020","Shield of Durand",0,0,0,0,0,0
"553","05DE021","Might of the Vanguard",0,0,0,0,0,0
"554","05DE017","Winds of War",0,0,0,0,0,0
"555","05DE010","Durand Sculptor",0,0,0,0,0,0
"556","05DE013","Petricite Stag",0,0,0,0,0,0
"557","05DE015","Mountain Drake",0,0,0,0,0,0
"558","05DE019","Durand Architect",0,0,0,0,0,0
"559","05DE014","Durand Protege",0,0,0,0,0,0
"560","05DE012","Petricite Broadwing",0,0,0,0,0,0
"561","05DE018","Petricite Hound",0,0,0,0,0,0
"562","04PZ001","Ekko",0,0,0,0,0,0
"563","04PZ005","Chirean Sumpworker",0,0,0,0,0,0
"564","04PZ014","Production Surge",0,0,0,0,0,0
"565","04PZ003","Timewinder",0,0,0,0,0,0
"566","04PZ011","Called Shot",0,0,0,0,0,0
"567","04PZ002","Fallen Feline",0,0,0,0,0,0
"568","04PZ020","Defective Swapbot",0,0,0,0,0,0
"569","04PZ013","Volunteer Elnuk",0,0,0,0,0,0
"570","04PZ010","Concurrent Timelines",0,0,0,0,0,0
"571","04PZ016","Boom Baboon",0,0,0,0,0,0
"572","04PZ007","Time Trick",0,0,0,0,0,0
"573","04PZ012","Practical Perfectionist",0,0,0,0,0,0
"574","04PZ017","Glorious Evolution",0,0,0,0,0,0
"575","04PZ015","Adaptatron 3000",0,0,0,0,0,0
"576","04PZ004","Dropboarder",0,0,0,0,0,0
"577","04BW002","Bone Skewer",0,0,0,0,0,0
"578","04BW007","Jaull-fish",0,0,0,0,0,0
"579","04BW001","Redfin Hammersnout",0,0,0,0,0,0
"580","04BW005","Pyke",0,0,0,0,0,0
"581","04BW010","Monster Harpoon",0,0,0,0,0,0
"582","04BW014","Line 'Em Up",0,0,0,0,0,0
"583","04BW011","Loaded Dice",0,0,0,0,0,0
"584","04BW015","Sharkling",0,0,0,0,0,0
"585","04BW003","Snapjaw Swarm",0,0,0,0,0,0
"586","04BW009","Ripper's Bay",0,0,0,0,0,0
"587","04BW008","Lost Riches",0,0,0,0,0,0
"588","04BW013","Reaver's Row",0,0,0,0,0,0
"589","04BW004","Bloodbait",0,0,0,0,0,0
"590","04BW016","Ruined Rex",0,0,0,0,0,0
"591","04BW006","The List",0,0,0,0,0,0
"592","04IO008","Defiant Dance",0,0,0,0,0,0
"593","04IO005","Irelia",0,0,0,0,0,0
"594","04IO020","Scattered Pod",0,0,0,0,0,0
"595","04IO004","Blossoming Blade",0,0,0,0,0,0
"596","04IO003","Vanguard's Edge",0,0,0,0,0,0
"597","04IO015","Dancing Droplet",0,0,0,0,0,0
"598","04IO014","Shadow Apprentice",0,0,0,0,0,0
"599","04IO002","Zinneia, Steel Crescendo",0,0,0,0,0,0
"600","04IO010","Blade",0,0,0,0,0,0
"601","04IO007","Syncopation",0,0,0,0,0,0
"602","04IO011","Lead and Follow",0,0,0,0,0,0
"603","04IO013","Sacred Protector",0,0,0,0,0,0
"604","04IO012","Shadows of the Past",0,0,0,0,0,0
"605","04IO009","Ribbon Dancer",0,0,0,0,0,0
"606","04IO001","Field Musicians",0,0,0,0,0,0
"607","04IO006","Coastal Defender",0,0,0,0,0,0
"608","04SH100","Careful Preparation",0,0,0,0,0,0
"609","04SH070","Unworthy",0,0,0,0,0,0
"610","04SH081","Baccai Sandspinner",0,0,0,0,0,0
"611","04SH077","Voice of the Risen",0,0,0,0,0,0
"612","04SH019","Rek'Sai",0,0,0,0,0,0
"613","04SH138","The Absolver",0,0,0,0,0,0
"614","04SH089","Desert Naturalist",0,0,0,0,0,0
"615","04SH015","Raz Bloodmane",0,0,0,0,0,0
"616","04SH058","Sandcrafter",0,0,0,0,0,0
"617","04SH080","Call the Pack",0,0,0,0,0,0
"618","04SH035","Payday",0,0,0,0,0,0
"619","04SH028","Ancient Preparations",0,0,0,0,0,0
"620","04SH054","Treasure Seeker",0,0,0,0,0,0
"621","04SH002","Baccai Reaper",0,0,0,0,0,0
"622","04SH042","Hibernating Rockbear",0,0,0,0,0,0
"623","04SH032","Callous Bonecrusher",0,0,0,0,0,0
"624","04SH055","Ruin Runner",0,0,0,0,0,0
"625","04SH039","Zilean",0,0,0,0,0,0
"626","04SH073","Taliyah",0,0,0,0,0,0
"627","04SH091","Khahiri the Student",0,0,0,0,0,0
"628","04SH024","Salt Spire",0,0,0,0,0,0
"629","04SH003","Azir",0,0,0,0,0,0
"630","04SH011","Xenotype Researchers",0,0,0,0,0,0
"631","04SH130","Akshan",0,0,0,0,0,0
"632","04SH114","Desert's Wrath",0,0,0,0,0,0
"633","04SH067","Renekton",0,0,0,0,0,0
"634","04SH120","Imagined Possibilities",0,0,0,0,0,0
"635","04SH119","Ricochet",0,0,0,0,0,0
"636","04SH068","Xer'sai Caller",0,0,0,0,0,0
"637","04SH093","Shaped Stone",0,0,0,0,0,0
"638","04SH079","Scrying Sands",0,0,0,0,0,0
"639","04SH038","Rock Hopper",0,0,0,0,0,0
"640","04SH104","Preservationist",0,0,0,0,0,0
"641","04SH128","Vekauran Vagabond",0,0,0,0,0,0
"642","04SH109","Quicksand",0,0,0,0,0,0
"643","04SH043","Shifting Sands",0,0,0,0,0,0
"644","04SH099","Arise!",0,0,0,0,0,0
"645","04SH048","Inner Sanctum",0,0,0,0,0,0
"646","04SH056","Profiteer",0,0,0,0,0,0
"647","04SH098","Lucky Find",0,0,0,0,0,0
"648","04SH020","Sivir",0,0,0,0,0,0
"649","04SH057","Inspiring Marshal",0,0,0,0,0,0
"650","04SH103","Merciless Hunter",0,0,0,0,0,0
"651","04SH006","Roiling Sands",0,0,0,0,0,0
"652","04SH065","Xerxa'Reth, The Undertitan",0,0,0,0,0,0
"653","04SH034","The Clock Hand",0,0,0,0,0,0
"654","04SH082","Ruinous Path",0,0,0,0,0,0
"655","04SH075","Emperor's Divide",0,0,0,0,0,0
"656","04SH018","Rite of Dominance",0,0,0,0,0,0
"657","04SH009","Rampaging Baccai",0,0,0,0,0,0
"658","04SH049","Destined Poro",0,0,0,0,0,0
"659","04SH045","Exhaust",0,0,0,0,0,0
"660","04SH037","Unraveled Earth",0,0,0,0,0,0
"661","04SH107","Ascended's Rise",0,0,0,0,0,0
"662","04SH047","Nasus",0,0,0,0,0,0
"663","04SH097","Sanctum Conservator",0,0,0,0,0,0
"664","04SH026","Dunekeeper",0,0,0,0,0,0
"665","04SH102","Golden Ambassador",0,0,0,0,0,0
"666","04SH001","Aspiring Chronomancer",0,0,0,0,0,0
"667","04SH022","Xer'sai Dunebreaker",0,0,0,0,0,0
"668","04SH030","Chronoshift",0,0,0,0,0,0
"669","04SH013","Preservarium",0,0,0,0,0,0
"670","04SH062","Buried Sun Disc",0,0,0,0,0,0
"671","04SH016","Siphoning Strike",0,0,0,0,0,0
"672","04SH125","Vekauran Safecracker",0,0,0,0,0,0
"673","04SH108","Boomerang Blade",0,0,0,0,0,0
"674","04SH066","Time in a Bottle",0,0,0,0,0,0
"675","04SH014","Clockling",0,0,0,0,0,0
"676","04SH021","Khahiri the Returned",0,0,0,0,0,0
"677","04SH101","Devoted Council",0,0,0,0,0,0
"678","04SH012","Esteemed Hierophant",0,0,0,0,0,0
"679","04SH031","Promising Future",0,0,0,0,0,0
"680","04SH004","Weight of Judgment",0,0,0,0,0,0
"681","04SH059","Rite of Negation",0,0,0,0,0,0
"682","04SH044","Clockwork Curator",0,0,0,0,0,0
"683","04SH076","Ancient Hourglass",0,0,0,0,0,0
"684","04SH118","Waking Sands",0,0,0,0,0,0
"685","04SH072","Soothsayer",0,0,0,0,0,0
"686","04SH041","Sai Scout",0,0,0,0,0,0
"687","04SH005","Bloodthirsty Marauder",0,0,0,0,0,0
"688","04SH083","Feral Prescience",0,0,0,0,0,0
"689","04SH092","The Time Has Come",0,0,0,0,0,0
"690","04SH046","Sandstone Chimera",0,0,0,0,0,0
"691","04SH105","Sandswept Tomb",0,0,0,0,0,0
"692","04SH131","Grappling Hook",0,0,0,0,0,0
"693","04SH074","Xer'sai Hatchling",0,0,0,0,0,0
"694","04SH137","Thrumming Swarm",0,0,0,0,0,0
"695","04SH069","Ruthless Predator",0,0,0,0,0,0
"696","04SH121","Rite of Calling",0,0,0,0,0,0
"697","04SH110","Stoneweaving",0,0,0,0,0,0
"698","04SH051","Emperor's Dais",0,0,0,0,0,0
"699","04SH106","Spirit Fire",0,0,0,0,0,0
"700","04SH129","Vekauran Bruiser",0,0,0,0,0,0
"701","04SH090","Grumpy Rockbear",0,0,0,0,0,0
"702","04FR006","Draklorn Inquisitor",0,0,0,0,0,0
"703","04FR012","Buried in Ice",0,0,0,0,0,0
"704","04FR016","Spoils of War",0,0,0,0,0,0
"705","04FR013","Cold Resistance",0,0,0,0,0,0
"706","04FR005","Lissandra",0,0,0,0,0,0
"707","04FR011","Succumb to the Cold",0,0,0,0,0,0
"708","04FR001","Frozen Thrall",0,0,0,0,0,0
"709","04FR007","Entomb",0,0,0,0,0,0
"710","04FR017","Ancestral Boon",0,0,0,0,0,0
"711","04FR014","Blighted Ravine",0,0,0,0,0,0
"712","04FR009","Ice Shard",0,0,0,0,0,0
"713","04FR015","Fabled Poro",0,0,0,0,0,0
"714","04FR019","Rimefang Denmother",0,0,0,0,0,0
"715","04FR018","Abominable Guardian",0,0,0,0,0,0
"716","04FR010","Three Sisters",0,0,0,0,0,0
"717","04NX002","Whispered Words",0,0,0,0,0,0
"718","04NX010","Thorn of the Rose",0,0,0,0,0,0
"719","04NX021","Retired Reckoner",0,0,0,0,0,0
"720","04NX022","Ruined Reckoner",0,0,0,0,0,0
"721","04NX015","Bloody Business",0,0,0,0,0,0
"722","04NX019","Thrashing Snapper",0,0,0,0,0,0
"723","04NX008","Incisive Tactician",0,0,0,0,0,0
"724","04NX006","Black Rose Spy",0,0,0,0,0,0
"725","04NX001","Mimic",0,0,0,0,0,0
"726","04NX004","LeBlanc",0,0,0,0,0,0
"727","04NX005","Mirror Image",0,0,0,0,0,0
"728","04NX016","Shrieking Spinner",0,0,0,0,0,0
"729","04NX007","Atakhan, Bringer of Ruin",0,0,0,0,0,0
"730","04NX018","Crimson Bloodletter ",0,0,0,0,0,0
"731","04NX003","Sigil of Malice",0,0,0,0,0,0
"732","04NX017","Strength in Numbers",0,0,0,0,0,0
"733","04NX009","Thorned Blade",0,0,0,0,0,0
"734","04SI005","Kindred",0,0,0,0,0,0
"735","04SI055","Viego",0,0,0,0,0,0
"736","04SI016","Spirit Leech ",0,0,0,0,0,0
"737","04SI007","The Etherfiend",0,0,0,0,0,0
"738","04SI011","Unto Dusk",0,0,0,0,0,0
"739","04SI018","The Twisted Treeline",0,0,0,0,0,0
"740","04SI015","Sea Scarab",0,0,0,0,0,0
"741","04SI045","Encroaching Mist",0,0,0,0,0,0
"742","04SI004","The Wings and The Wave",0,0,0,0,0,0
"743","04SI017","Song of the Isles",0,0,0,0,0,0
"744","04SI054","Camavoran Soldier",0,0,0,0,0,0
"745","04SI001","Lamb's Respite",0,0,0,0,0,0
"746","04SI056","Withering Mist",0,0,0,0,0,0
"747","04SI012","Astral Fox",0,0,0,0,0,0
"748","04SI029","Despair",0,0,0,0,0,0
"749","04SI009","Soulspinner",0,0,0,0,0,0
"750","04SI013","Mask Mother",0,0,0,0,0,0
"751","04SI021","Crawling Viperwyrm",0,0,0,0,0,0
"752","04SI002","Spirit Journey",0,0,0,0,0,0
"753","04SI053","Invasive Hydravine",0,0,0,0,0,0
"754","04SI003","Fading Icon",0,0,0,0,0,0
"755","04SI014","Prey",0,0,0,0,0,0
"756","04SI028","Camavoran Dragon",0,0,0,0,0,0
"757","04MT014","Eye of the Ra-Horak",0,0,0,0,0,0
"758","04MT008","Malphite",0,0,0,0,0,0
"759","04MT010","Startipped Peak",0,0,0,0,0,0
"760","04MT005","Chip",0,0,0,0,0,0
"761","04MT009","Spiral Stairs",0,0,0,0,0,0
"762","04MT001","Rockfall Path",0,0,0,0,0,0
"763","04MT018","Frightened Ibex",0,0,0,0,0,0
"764","04MT004","Blue Sentinel",0,0,0,0,0,0
"765","04MT013","Solari Sunhawk",0,0,0,0,0,0
"766","04MT003","Earth Elemental",0,0,0,0,0,0
"767","04MT002","Stonebreaker",0,0,0,0,0,0
"768","04MT006","Starlit Epiphany",0,0,0,0,0,0
"769","04MT012","Destiny's Call",0,0,0,0,0,0
"770","04MT007","Ground Slam ",0,0,0,0,0,0
"771","04MT015","Heavens Aligned",0,0,0,0,0,0
"772","04DE004","Ardent Tracker",0,0,0,0,0,0
"773","04DE014","Dragon Chow",0,0,0,0,0,0
"774","04DE001","Honored Lord",0,0,0,0,0,0
"775","04DE012","Field Promotion",0,0,0,0,0,0
"776","04DE003","Cataclysm",0,0,0,0,0,0
"777","04DE002","Golden Aegis",0,0,0,0,0,0
"778","04DE006","Battlefield Prowess",0,0,0,0,0,0
"779","04DE008","Jarvan IV",0,0,0,0,0,0
"780","04DE005","Cithria, Lady of Clouds",0,0,0,0,0,0
"781","04DE020","Ruined Dragonguard",0,0,0,0,0,0
"782","04DE010","King Jarvan III",0,0,0,0,0,0
"783","04DE016","Kadregrin the Ruined",0,0,0,0,0,0
"784","04DE013","Towering Stonehorn",0,0,0,0,0,0
"785","04DE015","Swiftwing Flight",0,0,0,0,0,0
"786","04DE007","Penitent Squire",0,0,0,0,0,0
"787","04DE009","Gallant Rider",0,0,0,0,0,0
"788","03NX019","Hunt the Weak",0,0,0,0,0,0
"789","03NX022","Wild Claws",0,0,0,0,0,0
"790","03NX007","Riven",0,0,0,0,0,0
"791","03NX008","Heavy Blade Fragment",0,0,0,0,0,0
"792","03NX011","Blade of the Exile",0,0,0,0,0,0
"793","03NX010","Keen Blade Fragment",0,0,0,0,0,0
"794","03NX012","Glinting Blade Fragment",0,0,0,0,0,0
"795","03NX006","Weapon Hilt",0,0,0,0,0,0
"796","03NX002","Arrel the Tracker",0,0,0,0,0,0
"797","03NX018","Apprehend",0,0,0,0,0,0
"798","03NX009","Wrathful Rider",0,0,0,0,0,0
"799","03NX017","Basilisk Bloodseeker",0,0,0,0,0,0
"800","03NX016","Gouge",0,0,0,0,0,0
"801","03NX015","Survival Skills",0,0,0,0,0,0
"802","03NX014","Sharpened Resolve",0,0,0,0,0,0
"803","03NX003","Blade Squire",0,0,0,0,0,0
"804","03NX001","Runeweaver",0,0,0,0,0,0
"805","03NX005","Brutal Hunter",0,0,0,0,0,0
"806","03BW006","Jack, the Winner",0,0,0,0,0,0
"807","03BW010","Bayou Brunch",0,0,0,0,0,0
"808","03BW005","Sunk Cost",0,0,0,0,0,0
"809","03BW004","Tahm Kench",0,0,0,0,0,0
"810","03BW002","Lounging Lizard",0,0,0,0,0,0
"811","03BW014","Monkey Business",0,0,0,0,0,0
"812","03BW007","Boxtopus",0,0,0,0,0,0
"813","03BW016","Boomship",0,0,0,0,0,0
"814","03BW001","The Slaughter Docks",0,0,0,0,0,0
"815","03BW015","Crusty Codger",0,0,0,0,0,0
"816","03BW003","Wise Fry",0,0,0,0,0,0
"817","03BW017","Wiggly Burblefish",0,0,0,0,0,0
"818","03BW008","Fortune Croaker",0,0,0,0,0,0
"819","03BW020","Powder Pandemonium",0,0,0,0,0,0
"820","03BW009","Shakedown",0,0,0,0,0,0
"821","03DE010","The Grand Plaza",0,0,0,0,0,0
"822","03MT005","Divergent Paths",0,0,0,0,0,0
"823","03FR009","The Howling Abyss",0,0,0,0,0,0
"824","03SI009","Vaults of Helia",0,0,0,0,0,0
"825","03MT052","Star Spring",0,0,0,0,0,0
"826","03IO006","Monastery of Hirana",0,0,0,0,0,0
"827","03IO016","Sanctuary",0,0,0,0,0,0
"828","03NX013","Scorched Earth",0,0,0,0,0,0
"829","03NX004","Noxkraya Arena",0,0,0,0,0,0
"830","03DE004","Captain Arrika",0,0,0,0,0,0
"831","03IO005","Homecoming",0,0,0,0,0,0
"832","03SI008","Crumble",0,0,0,0,0,0
"833","03MT064","Targon's Peak",0,0,0,0,0,0
"834","03PZ001","The University of Piltover",0,0,0,0,0,0
"835","03FR003","It That Stares",0,0,0,0,0,0
"836","03MT079","Starry Scamp",0,0,0,0,0,0
"837","03MT015","Behold the Infinite",0,0,0,0,0,0
"838","03MT018","The Messenger",0,0,0,0,0,0
"839","03MT034","The Serpent",0,0,0,0,0,0
"840","03MT083","The Immortal Fire",0,0,0,0,0,0
"841","03MT004","Moonsilver",0,0,0,0,0,0
"842","03MT037","The Scourge",0,0,0,0,0,0
"843","03MT059","The Golden Sister",0,0,0,0,0,0
"844","03MT053","Moonglow",0,0,0,0,0,0
"845","03MT032","Written in Stars",0,0,0,0,0,0
"846","03MT024","Supernova",0,0,0,0,0,0
"847","03MT066","Cosmic Inspiration",0,0,0,0,0,0
"848","03MT077","Living Legends",0,0,0,0,0,0
"849","03MT010","The Destroyer",0,0,0,0,0,0
"850","03MT070","The Traveler",0,0,0,0,0,0
"851","03MT049","Meteor Shower",0,0,0,0,0,0
"852","03MT043","Falling Comet",0,0,0,0,0,0
"853","03MT022","The Great Beyond",0,0,0,0,0,0
"854","03MT078","Cosmic Rays",0,0,0,0,0,0
"855","03MT065","Equinox",0,0,0,0,0,0
"856","03MT050","The Warrior",0,0,0,0,0,0
"857","03MT011","Crescent Strike",0,0,0,0,0,0
"858","03MT095","The Trickster",0,0,0,0,0,0
"859","03MT090","The Charger",0,0,0,0,0,0
"860","03MT221","The Fangs",0,0,0,0,0,0
"861","03MT073","Lunari Duskbringer",0,0,0,0,0,0
"862","03MT217","Aphelios",0,0,0,0,0,0
"863","03MT001","Sneaky Zeebles",0,0,0,0,0,0
"864","03MT060","Broadbacked Protector",0,0,0,0,0,0
"865","03MT033","Grandfather Rumul",0,0,0,0,0,0
"866","03MT021","The Infinite Mindsplitter",0,0,0,0,0,0
"867","03MT056","Diana",0,0,0,0,0,0
"868","03MT067","Crystal Ibex",0,0,0,0,0,0
"869","03MT092","Mountain Goat",0,0,0,0,0,0
"870","03MT055","Soraka",0,0,0,0,0,0
"871","03MT048","Gift Giver",0,0,0,0,0,0
"872","03MT063","Moondreamer",0,0,0,0,0,0
"873","03MT006","Inviolus Vox",0,0,0,0,0,0
"874","03MT054","Leona",0,0,0,0,0,0
"875","03MT014","Herald of Dragons",0,0,0,0,0,0
"876","03MT058","Taric",0,0,0,0,0,0
"877","03MT098","Sunblessed Vigor",0,0,0,0,0,0
"878","03MT040","Sparklefly",0,0,0,0,0,0
"879","03MT085","Hush",0,0,0,0,0,0
"880","03MT220","The Cloven Way",0,0,0,0,0,0
"881","03MT075","Lunari Priestess",0,0,0,0,0,0
"882","03MT020","Resplendent Stellacorn",0,0,0,0,0,0
"883","03MT071","Tyari the Traveler",0,0,0,0,0,0
"884","03MT002","The Skies Descend",0,0,0,0,0,0
"885","03MT009","Zoe",0,0,0,0,0,0
"886","03MT086","Spacey Sketcher",0,0,0,0,0,0
"887","03MT087","Aurelion Sol",0,0,0,0,0,0
"888","03MT019","Bastion",0,0,0,0,0,0
"889","03MT214","The Flight",0,0,0,0,0,0
"890","03MT013","Moonlight Affliction",0,0,0,0,0,0
"891","03MT008","Wish",0,0,0,0,0,0
"892","03MT023","Sunburst",0,0,0,0,0,0
"893","03MT096","Solari Priestess",0,0,0,0,0,0
"894","03MT045","Astral Protection",0,0,0,0,0,0
"895","03MT080","Spring Guardian",0,0,0,0,0,0
"896","03MT042","Spell Thief",0,0,0,0,0,0
"897","03MT057","Solari Sunforger",0,0,0,0,0,0
"898","03MT091","Supercool Starchart",0,0,0,0,0,0
"899","03MT044","Sun Guardian",0,0,0,0,0,0
"900","03MT041","Mentor of the Stones",0,0,0,0,0,0
"901","03MT028","Solari Shieldbearer",0,0,0,0,0,0
"902","03MT072","Fused Firebrand",0,0,0,0,0,0
"903","03MT025","Shards of the Mountain",0,0,0,0,0,0
"904","03MT017","Messenger's Sigil",0,0,0,0,0,0
"905","03MT051","Guiding Touch",0,0,0,0,0,0
"906","03MT012","Arbiter of the Peak",0,0,0,0,0,0
"907","03MT094","Lunari Shadestalker",0,0,0,0,0,0
"908","03MT076","Mountain Scryer",0,0,0,0,0,0
"909","03MT215","Gifts From Beyond",0,0,0,0,0,0
"910","03MT100","Eclipse Dragon",0,0,0,0,0,0
"911","03MT029","Star Shepherd",0,0,0,0,0,0
"912","03MT219","The Veiled Temple",0,0,0,0,0,0
"913","03MT062","Giddy Sparkleologist",0,0,0,0,0,0
"914","03MT082","Morning Light",0,0,0,0,0,0
"915","03MT047","Cygnus the Moonstalker",0,0,0,0,0,0
"916","03MT038","Whiteflame Protector",0,0,0,0,0,0
"917","03MT081","Mountain Sojourners",0,0,0,0,0,0
"918","03MT007","Fledgling Stellacorn",0,0,0,0,0,0
"919","03MT216","The Sky Shadows",0,0,0,0,0,0
"920","03MT026","Rahvun, Daylight's Spear",0,0,0,0,0,0
"921","03MT093","Paddle Star",0,0,0,0,0,0
"922","03MT110","Out Of The Way",0,0,0,0,0,0
"923","03MT003","Dragon's Clutch",0,0,0,0,0,0
"924","03MT030","Stargazer",0,0,0,0,0,0
"925","03MT088","Solari Soldier",0,0,0,0,0,0
"926","03MT089","Crescent Guardian",0,0,0,0,0,0
"927","03MT027","Zenith Blade",0,0,0,0,0,0
"928","03MT218","Starbone",0,0,0,0,0,0
"929","03MT084","Starshaping",0,0,0,0,0,0
"930","03MT016","Startled Stomper",0,0,0,0,0,0
"931","03MT074","Sleepy Trouble Bubble",0,0,0,0,0,0
"932","03MT035","Pale Cascade",0,0,0,0,0,0
"933","03MT036","Blessing of Targon",0,0,0,0,0,0
"934","03MT039","Porofly",0,0,0,0,0,0
"935","03PZ019","Patched Porobot",0,0,0,0,0,0
"936","03PZ005","Ballistic Bot",0,0,0,0,0,0
"937","03PZ004","Death Ray - Mk 1",0,0,0,0,0,0
"938","03PZ003","Viktor",0,0,0,0,0,0
"939","03PZ010","Mechanized Mimic",0,0,0,0,0,0
"940","03PZ022","Give It All",0,0,0,0,0,0
"941","03PZ014","Calculated Creations",0,0,0,0,0,0
"942","03PZ013","Iterative Improvement",0,0,0,0,0,0
"943","03PZ025","Stress Testing",0,0,0,0,0,0
"944","03PZ012","Armed Gearhead",0,0,0,0,0,0
"945","03PZ020","Hexcore Foundry",0,0,0,0,0,0
"946","03PZ016","Ignition",0,0,0,0,0,0
"947","03PZ002","Nyandroid",0,0,0,0,0,0
"948","03PZ011","Aftershock",0,0,0,0,0,0
"949","03PZ017","Tri-beam Improbulator",0,0,0,0,0,0
"950","03PZ018","Poro Cannon",0,0,0,0,0,0
"951","03SI004","Stalking Shadows",0,0,0,0,0,0
"952","03SI001","Evershade Stalker",0,0,0,0,0,0
"953","03SI018","Gluttony",0,0,0,0,0,0
"954","03SI012","Passage Unearned",0,0,0,0,0,0
"955","03SI014","Encroaching Shadows",0,0,0,0,0,0
"956","03SI016","Go Hard",0,0,0,0,0,0
"957","03SI007","Shroud of Darkness",0,0,0,0,0,0
"958","03SI013","Risen Mists",0,0,0,0,0,0
"959","03SI005","Nocturne",0,0,0,0,0,0
"960","03SI006","Doombeast",0,0,0,0,0,0
"961","03SI015","Pesky Specter",0,0,0,0,0,0
"962","03SI003","Stygian Onlooker",0,0,0,0,0,0
"963","03SI002","Unspeakable Horror",0,0,0,0,0,0
"964","03SI010","Duskrider",0,0,0,0,0,0
"965","03IO025","Flurry of Fists",0,0,0,0,0,0
"966","03IO017","Pix!",0,0,0,0,0,0
"967","03IO008","Whimsy!",0,0,0,0,0,0
"968","03IO001","Flower Child",0,0,0,0,0,0
"969","03IO019","Singular Will",0,0,0,0,0,0
"970","03IO002","Lulu",0,0,0,0,0,0
"971","03IO011","Swole Squirrel",0,0,0,0,0,0
"972","03IO009","Tasty Faefolk",0,0,0,0,0,0
"973","03IO003","Fae Guide",0,0,0,0,0,0
"974","03IO007","Trevor Snoozebottom",0,0,0,0,0,0
"975","03IO010","Young Witch",0,0,0,0,0,0
"976","03IO020","Nopeify!",0,0,0,0,0,0
"977","03IO022","Go Get It",0,0,0,0,0,0
"978","03IO018","Fuzzy Caretaker",0,0,0,0,0,0
"979","03DE008","Dragonguard Lieutenant",0,0,0,0,0,0
"980","03DE001","Confront",0,0,0,0,0,0
"981","03DE015","Stony Suppressor",0,0,0,0,0,0
"982","03DE006","Screeching Dragon",0,0,0,0,0,0
"983","03DE025","Molten Breath",0,0,0,0,0,0
"984","03DE002","Strafing Strike",0,0,0,0,0,0
"985","03DE011","Shyvana",0,0,0,0,0,0
"986","03DE003","Dragonguard Lookout",0,0,0,0,0,0
"987","03DE013","Stalking Broodmother",0,0,0,0,0,0
"988","03DE005","Egghead Researcher",0,0,0,0,0,0
"989","03DE007","Kadregrin the Infernal",0,0,0,0,0,0
"990","03DE012","For The Fallen",0,0,0,0,0,0
"991","03DE014","Sharpsight",0,0,0,0,0,0
"992","03FR020","The Scargrounds",0,0,0,0,0,0
"993","03FR007","Troll Scavenger",0,0,0,0,0,0
"994","03FR004","Revitalizing Roar",0,0,0,0,0,0
"995","03FR017","Augur of the Old Ones",0,0,0,0,0,0
"996","03FR006","Trundle",0,0,0,0,0,0
"997","03FR008","Icequake ",0,0,0,0,0,0
"998","03FR002","Troll Chant",0,0,0,0,0,0
"999","03FR011","Uzgar the Ancient",0,0,0,0,0,0
"1000","03FR005","Troll Ravager",0,0,0,0,0,0
"1001","03FR018","Call the Wild",0,0,0,0,0,0
"1002","03FR010","Faces of the Old Ones",0,0,0,0,0,0
"1003","03FR019","Voices of the Old Ones",0,0,0,0,0,0
"1004","03FR025","Troll Gifts",0,0,0,0,0,0
"1005","03FR022","Feel The Rush",0,0,0,0,0,0
"1006","02PZ001","Subpurrsible",0,0,0,0,0,0
"1007","02PZ010","Veteran Investigator",0,0,0,0,0,0
"1008","02PZ006","Gotcha!",0,0,0,0,0,0
"1009","02PZ004","Vault Breaker",0,0,0,0,0,0
"1010","02PZ007","Insightful Investigator",0,0,0,0,0,0
"1011","02PZ002","Chief Mechanist Zevi",0,0,0,0,0,0
"1012","02PZ008","Vi",0,0,0,0,0,0
"1013","02PZ009","Trail of Evidence",0,0,0,0,0,0
"1014","02PZ003","Suit Up!",0,0,0,0,0,0
"1015","02PZ005","Patrol Wardens",0,0,0,0,0,0
"1016","02BW040","Shellshocker ",0,0,0,0,0,0
"1017","02BW057","Slippery Waverider",0,0,0,0,0,0
"1018","02BW041","The Beast Below",0,0,0,0,0,0
"1019","02BW013","Prowling Cutthroat",0,0,0,0,0,0
"1020","02BW034","Monkey Idol",0,0,0,0,0,0
"1021","02BW056","Devourer of the Depths",0,0,0,0,0,0
"1022","02BW060","Crackshot Corsair",0,0,0,0,0,0
"1023","02BW011","Yordle Grifter",0,0,0,0,0,0
"1024","02BW030","Shipwreck Hoarder",0,0,0,0,0,0
"1025","02BW019","Bubble Bear",0,0,0,0,0,0
"1026","02BW007","Brash Gambler",0,0,0,0,0,0
"1027","02BW014","Coral Creatures",0,0,0,0,0,0
"1028","02BW055","Jagged Taskmaster",0,0,0,0,0,0
"1029","02BW017","Citrus Courier",0,0,0,0,0,0
"1030","02BW038","Zap Sprayfin",0,0,0,0,0,0
"1031","02BW021","Razorscale Hunter",0,0,0,0,0,0
"1032","02BW035","Sheriff Lariette Rose",0,0,0,0,0,0
"1033","02BW058","Jagged Butcher",0,0,0,0,0,0
"1034","02BW028","Riptide Rex",0,0,0,0,0,0
"1035","02BW037","Abyssal Eye",0,0,0,0,0,0
"1036","02BW008","Petty Officer",0,0,0,0,0,0
"1037","02BW047","Dreg Dredgers",0,0,0,0,0,0
"1038","02BW004","Dreadway Deckhand",0,0,0,0,0,0
"1039","02BW002","The Dreadway",0,0,0,0,0,0
"1040","02BW016","Slotbot",0,0,0,0,0,0
"1041","02BW027","Hunting Fleet",0,0,0,0,0,0
"1042","02BW050","Smooth Soloist",0,0,0,0,0,0
"1043","02BW015","The Syren",0,0,0,0,0,0
"1044","02BW010","Plunder Poro",0,0,0,0,0,0
"1045","02BW009","Pool Shark",0,0,0,0,0,0
"1046","02BW005","Hired Gun",0,0,0,0,0,0
"1047","02BW039","Jaull Hunters",0,0,0,0,0,0
"1048","02BW006","Mystifying Magician",0,0,0,0,0,0
"1049","02BW036","Golden Narwhal",0,0,0,0,0,0
"1050","02BW033","Black Market Merchant",0,0,0,0,0,0
"1051","02BW032","Gangplank",0,0,0,0,0,0
"1052","02BW022","Miss Fortune",0,0,0,0,0,0
"1053","02BW046","Fizz",0,0,0,0,0,0
"1054","02BW026","Twisted Fate",0,0,0,0,0,0
"1055","02BW053","Nautilus",0,0,0,0,0,0
"1056","02BW061","Pocket Aces",0,0,0,0,0,0
"1057","02BW024","Double Trouble",0,0,0,0,0,0
"1058","02BW003","Strong-arm",0,0,0,0,0,0
"1059","02BW025","Chum the Waters",0,0,0,0,0,0
"1060","02BW012","More Powder!",0,0,0,0,0,0
"1061","02BW018","Parrrley",0,0,0,0,0,0
"1062","02BW048","Jailbreak",0,0,0,0,0,0
"1063","02BW043","Pick a Card",0,0,0,0,0,0
"1064","02BW051","Playful Trickster",0,0,0,0,0,0
"1065","02BW054","Riptide",0,0,0,0,0,0
"1066","02BW042","Mind Meld",0,0,0,0,0,0
"1067","02BW059","Scrapshot",0,0,0,0,0,0
"1068","02BW023","Lure of the Depths",0,0,0,0,0,0
"1069","02BW031","Double Up",0,0,0,0,0,0
"1070","02BW029","Salvage",0,0,0,0,0,0
"1071","02BW049","Pilfered Goods",0,0,0,0,0,0
"1072","02BW001","Ye Been Warned",0,0,0,0,0,0
"1073","02BW063","Sleight of Hand",0,0,0,0,0,0
"1074","02BW045","Make it Rain",0,0,0,0,0,0
"1075","02BW020","Warning Shot",0,0,0,0,0,0
"1076","02BW044","Jettison",0,0,0,0,0,0
"1077","02BW062","Island Navigator",0,0,0,0,0,0
"1078","02FR009","Wolfrider",0,0,0,0,0,0
"1079","02FR004","Caught in the Cold",0,0,0,0,0,0
"1080","02FR002","Sejuani",0,0,0,0,0,0
"1081","02FR001","Ember Maiden",0,0,0,0,0,0
"1082","02FR005","Ursine Spiritwalker",0,0,0,0,0,0
"1083","02FR010","Shared Spoils",0,0,0,0,0,0
"1084","02FR008","The Tuskraider",0,0,0,0,0,0
"1085","02FR007","Fury of the North",0,0,0,0,0,0
"1086","02FR006","Ruthless Raider",0,0,0,0,0,0
"1087","02FR003","Aurora Porealis",0,0,0,0,0,0
"1088","02NX001","The Leviathan",0,0,0,0,0,0
"1089","02NX007","Swain",0,0,0,0,0,0
"1090","02NX006","Citybreaker",0,0,0,0,0,0
"1091","02NX002","Aurok Glinthorn ",0,0,0,0,0,0
"1092","02NX009","Ravenous Flock",0,0,0,0,0,0
"1093","02NX004","Imperial Demolitionist",0,0,0,0,0,0
"1094","02NX003","Noxian Fervor",0,0,0,0,0,0
"1095","02NX010","Armored Tuskrider",0,0,0,0,0,0
"1096","02NX008","Death's Hand",0,0,0,0,0,0
"1097","02NX005","Iron Ballista",0,0,0,0,0,0
"1098","02DE003","Loyal Badgerbear",0,0,0,0,0,0
"1099","02DE008","Greathorn Companion",0,0,0,0,0,0
"1100","02DE004","Greenfang Warden",0,0,0,0,0,0
"1101","02DE006","Quinn",0,0,0,0,0,0
"1102","02DE009","Grizzled Ranger",0,0,0,0,0,0
"1103","02DE005","Unyielding Spirit",0,0,0,0,0,0
"1104","02DE002","Blinding Assault",0,0,0,0,0,0
"1105","02DE010","Genevieve Elmheart",0,0,0,0,0,0
"1106","02DE007","Ranger's Resolve",0,0,0,0,0,0
"1107","02DE001","Concerted Strike",0,0,0,0,0,0
"1108","02SI005","Sap Magic",0,0,0,0,0,0
"1109","02SI010","Deadbloom Wanderer",0,0,0,0,0,0
"1110","02SI008","Maokai",0,0,0,0,0,0
"1111","02SI007","Thorny Toad",0,0,0,0,0,0
"1112","02SI003","Terror of the Tides",0,0,0,0,0,0
"1113","02SI001","Neverglade Collector",0,0,0,0,0,0
"1114","02SI002","Overgrown Snapvine",0,0,0,0,0,0
"1115","02SI004","Blighted Caretaker",0,0,0,0,0,0
"1116","02SI006","Barkbeast",0,0,0,0,0,0
"1117","02SI009","Sapling Toss",0,0,0,0,0,0
"1118","02IO008","Sonic Wave",0,0,0,0,0,0
"1119","02IO002","Scales of the Dragon",0,0,0,0,0,0
"1120","02IO006","Lee Sin",0,0,0,0,0,0
"1121","02IO011","Lee Sin's Sonic Wave",0,0,0,0,0,0
"1122","02IO004","Horns of the Dragon",0,0,0,0,0,0
"1123","02IO003","Eye of the Dragon",0,0,0,0,0,0
"1124","02IO001","Claws of the Dragon",0,0,0,0,0,0
"1125","02IO005","Concussive Palm",0,0,0,0,0,0
"1126","02IO010","Retreat",0,0,0,0,0,0
"1127","02IO007","Dragon's Rage",0,0,0,0,0,0
"1128","02IO009","Deep Meditation",0,0,0,0,0,0
"1129","01IO012","Twin Disciplines",0,0,0,0,0,0
"1130","01IO015","Yasuo",0,0,0,0,0,0
"1131","01IO020","Keeper of Masks",0,0,0,0,0,0
"1132","01IO045","Herald of Spring",0,0,0,0,0,0
"1133","01IO008","Fae Bladetwirler",0,0,0,0,0,0
"1134","01IO040","Kinkou Lifeblade",0,0,0,0,0,0
"1135","01IO041","Karma",0,0,0,0,0,0
"1136","01IO011","Recall",0,0,0,0,0,0
"1137","01IO009","Zed",0,0,0,0,0,0
"1138","01IO014","Greenglade Elder",0,0,0,0,0,0
"1139","01IO005","Nimble Poro",0,0,0,0,0,0
"1140","01IO044","Navori Conspirator",0,0,0,0,0,0
"1141","01IO023","Jeweled Protector",0,0,0,0,0,0
"1142","01IO029","Sown Seeds",0,0,0,0,0,0
"1143","01IO003","Death Mark",0,0,0,0,0,0
"1144","01IO047","Shadow Flare",0,0,0,0,0,0
"1145","01IO026","Inspiring Mentor",0,0,0,0,0,0
"1146","01IO024","Dawn and Dusk",0,0,0,0,0,0
"1147","01IO028","Scaled Snapper",0,0,0,0,0,0
"1148","01IO057","Shadow Assassin",0,0,0,0,0,0
"1149","01IO032","Shen",0,0,0,0,0,0
"1150","01IO013","Shadow Fiend",0,0,0,0,0,0
"1151","01IO018","Rush",0,0,0,0,0,0
"1152","01IO056","Yone, Windchaser",0,0,0,0,0,0
"1153","01IO016","Zephyr Sage",0,0,0,0,0,0
"1154","01IO036","Greenglade Lookout",0,0,0,0,0,0
"1155","01IO033","Minah Swiftfoot",0,0,0,0,0,0
"1156","01IO001","Ritual of Renewal",0,0,0,0,0,0
"1157","01IO010","Stand United",0,0,0,0,0,0
"1158","01IO022","Ghost",0,0,0,0,0,0
"1159","01IO021","Windfarer Hatchling",0,0,0,0,0,0
"1160","01IO054","Insight of Ages",0,0,0,0,0,0
"1161","01IO027","Silent Shadowseer",0,0,0,0,0,0
"1162","01IO031","Cloud Drinker",0,0,0,0,0,0
"1163","01IO002","Will of Ionia",0,0,0,0,0,0
"1164","01IO017","Navori Bladescout",0,0,0,0,0,0
"1165","01IO042","Sparring Student",0,0,0,0,0,0
"1166","01IO006","Greenglade Duo",0,0,0,0,0,0
"1167","01IO050","Kinkou Wayfinder",0,0,0,0,0,0
"1168","01IO048","Yusari",0,0,0,0,0,0
"1169","01IO007","Ren Shadowblade",0,0,0,0,0,0
"1170","01IO053","Emerald Awakener",0,0,0,0,0,0
"1171","01IO004","Health Potion",0,0,0,0,0,0
"1172","01IO049","Deny",0,0,0,0,0,0
"1173","01IO052","Navori Highwayman",0,0,0,0,0,0
"1174","01IO030","The Empyrean",0,0,0,0,0,0
"1175","01IO019","Greenglade Caretaker",0,0,0,0,0,0
"1176","01IO046","Steel Tempest",0,0,0,0,0,0
"1177","01IO037","Spirit's Refuge",0,0,0,0,0,0
"1178","01IO043","Rivershaper",0,0,0,0,0,0
"1179","01IO038","Solitary Monk",0,0,0,0,0,0
"1180","01IO039","Shadowshift",0,0,0,0,0,0
"1181","01IO055","Ki Guardian",0,0,0,0,0,0
"1182","01NX020","Draven",0,0,0,0,0,0
"1183","01NX006","Vladimir",0,0,0,0,0,0
"1184","01NX004","Culling Strike",0,0,0,0,0,0
"1185","01NX048","Crimson Curator",0,0,0,0,0,0
"1186","01NX038","Darius",0,0,0,0,0,0
"1187","01NX023","Arachnoid Host",0,0,0,0,0,0
"1188","01NX013","Decisive Maneuver",0,0,0,0,0,0
"1189","01NX046","Arachnoid Sentry",0,0,0,0,0,0
"1190","01NX047","Transfusion",0,0,0,0,0,0
"1191","01NX040","Legion Saboteur",0,0,0,0,0,0
"1192","01NX025","Brothers' Bond",0,0,0,0,0,0
"1193","01NX055","House Spider",0,0,0,0,0,0
"1194","01NX030","Crimson Disciple",0,0,0,0,0,0
"1195","01NX007","Arena Battlecaster",0,0,0,0,0,0
"1196","01NX021","Legion Marauder",0,0,0,0,0,0
"1197","01NX009","Crowd Favorite",0,0,0,0,0,0
"1198","01NX011","Whirling Death",0,0,0,0,0,0
"1199","01NX053","Reckoning",0,0,0,0,0,0
"1200","01NX054","Intimidating Roar",0,0,0,0,0,0
"1201","01NX029","Legion Veteran",0,0,0,0,0,0
"1202","01NX014","Shiraza the Blade",0,0,0,0,0,0
"1203","01NX042","Katarina",0,0,0,0,0,0
"1204","01NX051","Captain Farron",0,0,0,0,0,0
"1205","01NX012","Legion Rearguard",0,0,0,0,0,0
"1206","01NX043","Blade's Edge",0,0,0,0,0,0
"1207","01NX037","Legion Grenadier",0,0,0,0,0,0
"1208","01NX010","Legion General",0,0,0,0,0,0
"1209","01NX017","Legion Drummer",0,0,0,0,0,0
"1210","01NX003","Arena Bookie",0,0,0,0,0,0
"1211","01NX039","Vision",0,0,0,0,0,0
"1212","01NX041","Trifarian Shieldbreaker",0,0,0,0,0,0
"1213","01NX036","Minotaur Reckoner",0,0,0,0,0,0
"1214","01NX044","Battering Ram",0,0,0,0,0,0
"1215","01NX005","Crimson Aristocrat",0,0,0,0,0,0
"1216","01NX016","Trifarian Hopeful",0,0,0,0,0,0
"1217","01NX019","Might",0,0,0,0,0,0
"1218","01NX015","Precious Pet",0,0,0,0,0,0
"1219","01NX050","Death Lotus",0,0,0,0,0,0
"1220","01NX056","Shunpo",0,0,0,0,0,0
"1221","01NX033","Trifarian Assessor",0,0,0,0,0,0
"1222","01NX052","Blood for Blood",0,0,0,0,0,0
"1223","01NX045","Savage Reckoner",0,0,0,0,0,0
"1224","01NX031","Trifarian Gloryseeker",0,0,0,0,0,0
"1225","01NX002","Decimate",0,0,0,0,0,0
"1226","01NX008","Basilisk Rider",0,0,0,0,0,0
"1227","01NX034","Affectionate Poro",0,0,0,0,0,0
"1228","01NX035","Draven's Biggest Fan",0,0,0,0,0,0
"1229","01NX026","Reckless Trifarian",0,0,0,0,0,0
"1230","01NX027","Elixir of Wrath",0,0,0,0,0,0
"1231","01NX022","Noxian Guillotine",0,0,0,0,0,0
"1232","01NX032","Crimson Awakener",0,0,0,0,0,0
"1233","01NX024","Kato The Arm",0,0,0,0,0,0
"1234","01NX049","Guile",0,0,0,0,0,0
"1235","01DE031","Dawnspeakers",0,0,0,0,0,0
"1236","01DE022","Lucian",0,0,0,0,0,0
"1237","01DE019","Mobilize",0,0,0,0,0,0
"1238","01DE042","Lux",0,0,0,0,0,0
"1239","01DE010","Swiftwing Lancer",0,0,0,0,0,0
"1240","01DE020","Vanguard Defender",0,0,0,0,0,0
"1241","01DE034","Battlesmith",0,0,0,0,0,0
"1242","01DE002","Tianna Crownguard",0,0,0,0,0,0
"1243","01DE012","Garen",0,0,0,0,0,0
"1244","01DE017","Stand Alone",0,0,0,0,0,0
"1245","01DE045","Fiora",0,0,0,0,0,0
"1246","01DE052","Brightsteel Formation",0,0,0,0,0,0
"1247","01DE021","Relentless Pursuit",0,0,0,0,0,0
"1248","01DE025","Detain",0,0,0,0,0,0
"1249","01DE007","Judgment",0,0,0,0,0,0
"1250","01DE055","Laurent Duelist",0,0,0,0,0,0
"1251","01DE048","Mageseeker Inciter",0,0,0,0,0,0
"1252","01DE001","Vanguard Bannerman",0,0,0,0,0,0
"1253","01DE043","War Chefs",0,0,0,0,0,0
"1254","01DE049","Plucky Poro",0,0,0,0,0,0
"1255","01DE053","Laurent Chevalier",0,0,0,0,0,0
"1256","01DE033","Remembrance",0,0,0,0,0,0
"1257","01DE044","Redoubled Valor",0,0,0,0,0,0
"1258","01DE024","Mageseeker Conservator",0,0,0,0,0,0
"1259","01DE004","Silverwing Vanguard",0,0,0,0,0,0
"1260","01DE011","Laurent Protege",0,0,0,0,0,0
"1261","01DE047","Succession",0,0,0,0,0,0
"1262","01DE046","Vanguard Lookout",0,0,0,0,0,0
"1263","01DE050","Purify",0,0,0,0,0,0
"1264","01DE016","Dauntless Vanguard",0,0,0,0,0,0
"1265","01DE040","Mageseeker Persuader",0,0,0,0,0,0
"1266","01DE036","Vanguard Squire",0,0,0,0,0,0
"1267","01DE037","Riposte",0,0,0,0,0,0
"1268","01DE014","Reinforcements",0,0,0,0,0,0
"1269","01DE015","Radiant Guardian",0,0,0,0,0,0
"1270","01DE003","Laurent Bladekeeper",0,0,0,0,0,0
"1271","01DE026","Single Combat",0,0,0,0,0,0
"1272","01DE032","Prismatic Barrier",0,0,0,0,0,0
"1273","01DE027","En Garde",0,0,0,0,0,0
"1274","01DE006","Vanguard Sergeant",0,0,0,0,0,0
"1275","01DE038","Senna, Sentinel of Light",0,0,0,0,0,0
"1276","01DE041","Back to Back",0,0,0,0,0,0
"1277","01DE035","For Demacia!",0,0,0,0,0,0
"1278","01DE018","Radiant Strike",0,0,0,0,0,0
"1279","01DE009","Brightsteel Protector",0,0,0,0,0,0
"1280","01DE039","Cithria of Cloudfield",0,0,0,0,0,0
"1281","01DE056","Vanguard Firstblade",0,0,0,0,0,0
"1282","01DE029","Fleetfeather Tracker",0,0,0,0,0,0
"1283","01DE028","Vanguard Cavalry",0,0,0,0,0,0
"1284","01DE013","Chain Vest",0,0,0,0,0,0
"1285","01DE023","Mageseeker Investigator",0,0,0,0,0,0
"1286","01DE051","Cithria the Bold",0,0,0,0,0,0
"1287","01DE054","Vanguard Redeemer",0,0,0,0,0,0
"1288","01DE030","Silverwing Diver",0,0,0,0,0,0
"1289","01PZ040","Jinx",0,0,0,0,0,0
"1290","01PZ008","Teemo",0,0,0,0,0,0
"1291","01PZ056","Heimerdinger",0,0,0,0,0,0
"1292","01PZ013","Augmented Experimenter",0,0,0,0,0,0
"1293","01PZ007","Parade Electrorig",0,0,0,0,0,0
"1294","01PZ018","Academy Prodigy",0,0,0,0,0,0
"1295","01PZ019","Eager Apprentice",0,0,0,0,0,0
"1296","01PZ025","Puffcap Peddler",0,0,0,0,0,0
"1297","01PZ048","Corina Veraza",0,0,0,0,0,0
"1298","01PZ032","Scrap Scuttler",0,0,0,0,0,0
"1299","01PZ015","T-Hex",0,0,0,0,0,0
"1300","01PZ022","Poison Puffcap",0,0,0,0,0,0
"1301","01PZ028","Jury-Rig",0,0,0,0,0,0
"1302","01PZ050","Rising Spell Force",0,0,0,0,0,0
"1303","01PZ054","Boomcrew Rookie",0,0,0,0,0,0
"1304","01PZ030","Shady Character",0,0,0,0,0,0
"1305","01PZ017","Used Cask Salesman",0,0,0,0,0,0
"1306","01PZ038","Sump Dredger",0,0,0,0,0,0
"1307","01PZ036","Ezreal",0,0,0,0,0,0
"1308","01PZ035","Jae Medarda",0,0,0,0,0,0
"1309","01PZ010","Mushroom Cloud",0,0,0,0,0,0
"1310","01PZ045","Zaunite Urchin",0,0,0,0,0,0
"1311","01PZ002","Back Alley Barkeep",0,0,0,0,0,0
"1312","01PZ004","Trueshot Barrage",0,0,0,0,0,0
"1313","01PZ020","Daring Poro",0,0,0,0,0,0
"1314","01PZ046","Counterfeit Copies",0,0,0,0,0,0
"1315","01PZ052","Mystic Shot",0,0,0,0,0,0
"1316","01PZ033","Purrsuit of Perfection",0,0,0,0,0,0
"1317","01PZ005","Hextech Transmogulator",0,0,0,0,0,0
"1318","01PZ021","Midenstokke Henchmen",0,0,0,0,0,0
"1319","01PZ031","Statikk Shock",0,0,0,0,0,0
"1320","01PZ059","Golden Crushbot",0,0,0,0,0,0
"1321","01PZ001","Rummage",0,0,0,0,0,0
"1322","01PZ057","Scrapdash Assembly",0,0,0,0,0,0
"1323","01PZ027","Thermogenic Beam",0,0,0,0,0,0
"1324","01PZ055","Astute Academic",0,0,0,0,0,0
"1325","01PZ014","Unlicensed Innovation",0,0,0,0,0,0
"1326","01PZ034","Sumpsnipe Scavenger",0,0,0,0,0,0
"1327","01PZ060","Accelerated Purrsuit",0,0,0,0,0,0
"1328","01PZ003","Assembly Bot",0,0,0,0,0,0
"1329","01PZ044","Chempunk Shredder",0,0,0,0,0,0
"1330","01PZ029","Eminent Benefactor",0,0,0,0,0,0
"1331","01PZ051","Funsmith",0,0,0,0,0,0
"1332","01PZ023","Professor von Yipp",0,0,0,0,0,0
"1333","01PZ024","Unstable Voltician",0,0,0,0,0,0
"1334","01PZ049","Progress Day!",0,0,0,0,0,0
"1335","01PZ006","Plaza Guardian",0,0,0,0,0,0
"1336","01PZ053","Clump of Whumps",0,0,0,0,0,0
"1337","01PZ012","Flame Chompers!",0,0,0,0,0,0
"1338","01PZ039","Get Excited!",0,0,0,0,0,0
"1339","01PZ016","Flash of Brilliance",0,0,0,0,0,0
"1340","01PZ058","Chump Whump",0,0,0,0,0,0
"1341","01PZ009","Amateur Aeronaut",0,0,0,0,0,0
"1342","01PZ042","Intrepid Mariner",0,0,0,0,0,0
"1343","01PZ026","Sumpworks Map",0,0,0,0,0,0
"1344","01PZ043","Chempunk Pickpocket",0,0,0,0,0,0
"1345","01PZ047","Caustic Cask",0,0,0,0,0,0
"1346","01FR024","Anivia",0,0,0,0,0,0
"1347","01FR039","Tryndamere",0,0,0,0,0,0
"1348","01FR006","Iceborn Legacy",0,0,0,0,0,0
"1349","01FR022","Omen Hawk",0,0,0,0,0,0
"1350","01FR042","Harsh Winds",0,0,0,0,0,0
"1351","01FR009","Braum",0,0,0,0,0,0
"1352","01FR018","Rimefang Wolf",0,0,0,0,0,0
"1353","01FR036","Avarosan Marksman",0,0,0,0,0,0
"1354","01FR045","Scarthane Steffen",0,0,0,0,0,0
"1355","01FR008","Lonely Poro",0,0,0,0,0,0
"1356","01FR055","Shatter",0,0,0,0,0,0
"1357","01FR038","Ashe",0,0,0,0,0,0
"1358","01FR029","Entreat",0,0,0,0,0,0
"1359","01FR035","Unscarred Reaver",0,0,0,0,0,0
"1360","01FR028","Enraged Yeti",0,0,0,0,0,0
"1361","01FR020","Avalanche",0,0,0,0,0,0
"1362","01FR014","Yeti Yearling",0,0,0,0,0,0
"1363","01FR049","Stalking Wolf",0,0,0,0,0,0
"1364","01FR037","Avarosan Outriders",0,0,0,0,0,0
"1365","01FR026","Alpha Wildclaw",0,0,0,0,0,0
"1366","01FR030","Brittle Steel",0,0,0,0,0,0
"1367","01FR013","Scarmother Vrynna",0,0,0,0,0,0
"1368","01FR019","Winter's Breath",0,0,0,0,0,0
"1369","01FR041","Avarosan Hearthguard ",0,0,0,0,0,0
"1370","01FR025","Poro Herder",0,0,0,0,0,0
"1371","01FR054","Scarmaiden Reaver",0,0,0,0,0,0
"1372","01FR021","Tarkaz the Tribeless",0,0,0,0,0,0
"1373","01FR043","Heart of the Fluft",0,0,0,0,0,0
"1374","01FR033","Wyrding Stones",0,0,0,0,0,0
"1375","01FR011","Icevale Archer",0,0,0,0,0,0
"1376","01FR050","Kindly Tavernkeeper",0,0,0,0,0,0
"1377","01FR052","She Who Wanders",0,0,0,0,0,0
"1378","01FR016","Poro Snax",0,0,0,0,0,0
"1379","01FR005","Battle Fury",0,0,0,0,0,0
"1380","01FR023","Warmother's Call",0,0,0,0,0,0
"1381","01FR047","Feral Mystic",0,0,0,0,0,0
"1382","01FR056","Icy Yeti",0,0,0,0,0,0
"1383","01FR027","Bull Elnuk",0,0,0,0,0,0
"1384","01FR057","Pack Mentality",0,0,0,0,0,0
"1385","01FR004","Elixir of Iron",0,0,0,0,0,0
"1386","01FR048","Avarosan Trapper",0,0,0,0,0,0
"1387","01FR017","Troop of Elnuks",0,0,0,0,0,0
"1388","01FR046","Take Heart",0,0,0,0,0,0
"1389","01FR012","Catalyst of Aeons",0,0,0,0,0,0
"1390","01FR040","Rimetusk Shaman",0,0,0,0,0,0
"1391","01FR031","Ancient Yeti",0,0,0,0,0,0
"1392","01FR053","Mighty Poro",0,0,0,0,0,0
"1393","01FR010","Bloodsworn Pledge",0,0,0,0,0,0
"1394","01FR001","Flash Freeze",0,0,0,0,0,0
"1395","01FR032","Starlit Seer",0,0,0,0,0,0
"1396","01FR051","Tall Tales",0,0,0,0,0,0
"1397","01FR034","They Who Endure",0,0,0,0,0,0
"1398","01FR007","Babbling Bjerg",0,0,0,0,0,0
"1399","01FR003","Avarosan Sentry",0,0,0,0,0,0
"1400","01SI038","Phantom Prankster",0,0,0,0,0,0
"1401","01SI049","Glimpse Beyond",0,0,0,0,0,0
"1402","01SI053","Elise",0,0,0,0,0,0
"1403","01SI057","Ancient Crocolith",0,0,0,0,0,0
"1404","01SI023","Soul Shepherd",0,0,0,0,0,0
"1405","01SI010","Onslaught of Shadows",0,0,0,0,0,0
"1406","01SI042","Hecarim",0,0,0,0,0,0
"1407","01SI027","Fresh Offerings",0,0,0,0,0,0
"1408","01SI048","Cursed Keeper",0,0,0,0,0,0
"1409","01SI018","Scribe of Sorrows",0,0,0,0,0,0
"1410","01SI030","Kalista",0,0,0,0,0,0
"1411","01SI035","Rhasa the Sunderer",0,0,0,0,0,0
"1412","01SI002","Spiderling",0,0,0,0,0,0
"1413","01SI024","Spectral Rider",0,0,0,0,0,0
"1414","01SI005","Scuttlegeist",0,0,0,0,0,0
"1415","01SI037","Sinister Poro",0,0,0,0,0,0
"1416","01SI052","Thresh",0,0,0,0,0,0
"1417","01SI033","Commander Ledros",0,0,0,0,0,0
"1418","01SI003","The Harrowing",0,0,0,0,0,0
"1419","01SI041","The Undying",0,0,0,0,0,0
"1420","01SI045","Absorb Soul",0,0,0,0,0,0
"1421","01SI036","Crawling Sensation",0,0,0,0,0,0
"1422","01SI051","Tortured Prodigy",0,0,0,0,0,0
"1423","01SI012","Oblivious Islander",0,0,0,0,0,0
"1424","01SI031","Iron Harbinger",0,0,0,0,0,0
"1425","01SI034","Black Spear",0,0,0,0,0,0
"1426","01SI043","Hapless Aristocrat",0,0,0,0,0,0
"1427","01SI009","Stirred Spirits",0,0,0,0,0,0
"1428","01SI007","Haunted Relic",0,0,0,0,0,0
"1429","01SI056","Frenzied Skitterer",0,0,0,0,0,0
"1430","01SI001","Vengeance",0,0,0,0,0,0
"1431","01SI019","The Box",0,0,0,0,0,0
"1432","01SI014","Mistwraith",0,0,0,0,0,0
"1433","01SI022","Mark of the Isles",0,0,0,0,0,0
"1434","01SI006","Possession",0,0,0,0,0,0
"1435","01SI028","Splinter Soul",0,0,0,0,0,0
"1436","01SI025","Atrocity",0,0,0,0,0,0
"1437","01SI011","Ravenous Butcher",0,0,0,0,0,0
"1438","01SI046","Mist's Call",0,0,0,0,0,0
"1439","01SI050","Brood Awakening",0,0,0,0,0,0
"1440","01SI016","Wraithcaller",0,0,0,0,0,0
"1441","01SI021","Shark Chariot",0,0,0,0,0,0
"1442","01SI032","Chronicler of Ruin",0,0,0,0,0,0
"1443","01SI058","Ethereal Remitter",0,0,0,0,0,0
"1444","01SI054","Grasp of the Undying",0,0,0,0,0,0
"1445","01SI044","Spectral Matron",0,0,0,0,0,0
"1446","01SI039","Arachnoid Horror",0,0,0,0,0,0
"1447","01SI020","The Rekindler",0,0,0,0,0,0
"1448","01SI029","Withering Wail",0,0,0,0,0,0
"1449","01SI004","Darkwater Scourge",0,0,0,0,0,0
"1450","01SI026","Warden's Prey",0,0,0,0,0,0
"1451","01SI040","Vile Feast",0,0,0,0,0,0
"1452","01SI015","The Ruination",0,0,0,0,0,0
"1453","01SI055","Soulgorger",0,0,0,0,0,0
"1454","01SI047","Fading Memories",0,0,0,0,0,0
